zone,district
1,PortlandCentralCity
2,PortlandCentralCity
3,PortlandCentralCity
4,PortlandCentralCity
5,PortlandCentralCity
6,PortlandCentralCity
7,PortlandCentralCity
8,PortlandCentralCity
9,PortlandCentralCity
10,PortlandCentralCity
11,PortlandCentralCity
12,PortlandCentralCity
13,PortlandCentralCity
14,PortlandCentralCity
15,PortlandCentralCity
16,PortlandCentralCity
17,PortlandCentralCity
18,PortlandCentralCity
19,PortlandCentralCity
20,PortlandCentralCity
21,PortlandCentralCity
22,PortlandCentralCity
23,PortlandCentralCity
24,PortlandCentralCity
25,PortlandCentralCity
26,PortlandCentralCity
27,PortlandCentralCity
28,PortlandCentralCity
29,PortlandCentralCity
30,PortlandCentralCity
31,PortlandCentralCity
32,PortlandCentralCity
33,PortlandCentralCity
34,PortlandCentralCity
35,PortlandCentralCity
36,PortlandCentralCity
37,PortlandCentralCity
38,Rivergate
39,PortlandCentralCity
40,PortlandCentralCity
41,Beaverton
42,Beaverton
43,Beaverton
44,Beaverton
45,Beaverton
46,Beaverton
47,Beaverton
48,Rivergate
49,ColumbiaCounty
50,ColumbiaCounty
51,ColumbiaCounty
52,ColumbiaCounty
53,PortlandCentralCity
54,PortlandCentralCity
55,Beaverton
56,PortlandCentralCity
57,PortlandCentralCity
58,Beaverton
59,Beaverton
60,Beaverton
61,Beaverton
62,PortlandCentralCity
63,PortlandCentralCity
64,PortlandCentralCity
65,PortlandCentralCity
66,PortlandCentralCity
67,PortlandCentralCity
68,PortlandCentralCity
69,PortlandCentralCity
70,PortlandCentralCity
71,PortlandCentralCity
72,PortlandCentralCity
73,PortlandCentralCity
74,PortlandCentralCity
75,PortlandCentralCity
76,PortlandCentralCity
77,PortlandCentralCity
78,PortlandCentralCity
79,PortlandCentralCity
80,PortlandCentralCity
81,PortlandCentralCity
82,PortlandCentralCity
83,PortlandCentralCity
84,PortlandCentralCity
85,PortlandCentralCity
86,PortlandCentralCity
87,PortlandCentralCity
88,PortlandCentralCity
89,PortlandCentralCity
90,PortlandCentralCity
91,MilwaukietoLakeOswego
92,PortlandCentralCity
93,PortlandCentralCity
94,PortlandCentralCity
95,PortlandCentralCity
96,PortlandCentralCity
97,PortlandCentralCity
98,PortlandCentralCity
99,PortlandCentralCity
100,PortlandCentralCity
101,MilwaukietoLakeOswego
102,MilwaukietoLakeOswego
103,MilwaukietoLakeOswego
104,MilwaukietoLakeOswego
105,MilwaukietoLakeOswego
106,MilwaukietoLakeOswego
107,MilwaukietoLakeOswego
108,MilwaukietoLakeOswego
109,MilwaukietoLakeOswego
110,MilwaukietoLakeOswego
111,MilwaukietoLakeOswego
112,MilwaukietoLakeOswego
113,MilwaukietoLakeOswego
114,MilwaukietoLakeOswego
115,MilwaukietoLakeOswego
116,MilwaukietoLakeOswego
117,MilwaukietoLakeOswego
118,MilwaukietoLakeOswego
119,MilwaukietoLakeOswego
120,MilwaukietoLakeOswego
121,MilwaukietoLakeOswego
122,MilwaukietoLakeOswego
123,MilwaukietoLakeOswego
124,Rivergate
125,Rivergate
126,Rivergate
127,Rivergate
128,Rivergate
129,Rivergate
130,Rivergate
131,Rivergate
132,Rivergate
133,Rivergate
134,Rivergate
135,Rivergate
136,Rivergate
137,Rivergate
138,Gateway
139,Gateway
140,Gateway
141,Gateway
142,Gateway
143,Gateway
144,Gateway
145,Gateway
146,Gateway
147,Gateway
148,Gateway
149,Gateway
150,Gateway
151,Gateway
152,Gateway
153,Rivergate
154,Rivergate
155,Rivergate
156,Rivergate
157,Rivergate
158,Rivergate
159,Rivergate
160,Rivergate
161,Rivergate
162,Rivergate
163,PortlandCentralCity
164,PortlandCentralCity
165,Rivergate
166,Rivergate
167,Rivergate
168,Rivergate
169,Rivergate
170,Rivergate
171,Rivergate
172,Rivergate
173,Rivergate
174,Rivergate
175,PortlandCentralCity
176,PortlandCentralCity
177,PortlandCentralCity
178,PortlandCentralCity
179,PortlandCentralCity
180,PortlandCentralCity
181,PortlandCentralCity
182,PortlandCentralCity
183,PortlandCentralCity
184,PortlandCentralCity
185,PortlandCentralCity
186,PortlandCentralCity
187,PortlandCentralCity
188,PortlandCentralCity
189,PortlandCentralCity
190,PortlandCentralCity
191,PortlandCentralCity
192,PortlandCentralCity
193,PortlandCentralCity
194,PortlandCentralCity
195,PortlandCentralCity
196,PortlandCentralCity
197,PortlandCentralCity
198,PortlandCentralCity
199,PortlandCentralCity
200,PortlandCentralCity
201,PortlandCentralCity
202,PortlandCentralCity
203,PortlandCentralCity
204,PortlandCentralCity
205,PortlandCentralCity
206,PortlandCentralCity
207,PortlandCentralCity
208,PortlandCentralCity
209,PortlandCentralCity
210,PortlandCentralCity
211,PortlandCentralCity
212,PortlandCentralCity
213,PortlandCentralCity
214,PortlandCentralCity
215,PortlandCentralCity
216,PortlandCentralCity
217,PortlandCentralCity
218,PortlandCentralCity
219,PortlandCentralCity
220,PortlandCentralCity
221,PortlandCentralCity
222,PortlandCentralCity
223,PortlandCentralCity
224,PortlandCentralCity
225,PortlandCentralCity
226,PortlandCentralCity
227,PortlandCentralCity
228,PortlandCentralCity
229,PortlandCentralCity
230,PortlandCentralCity
231,PortlandCentralCity
232,PortlandCentralCity
233,PortlandCentralCity
234,MilwaukietoLakeOswego
235,Lents
236,Lents
237,PortlandCentralCity
238,PortlandCentralCity
239,Lents
240,Lents
241,Lents
242,Lents
243,PortlandCentralCity
244,PortlandCentralCity
245,Lents
246,PortlandCentralCity
247,Lents
248,Lents
249,Lents
250,Lents
251,Lents
252,Lents
253,Lents
254,Lents
255,Lents
256,Lents
257,Lents
258,Lents
259,Lents
260,Lents
261,Lents
262,Lents
263,Lents
264,Lents
265,Lents
266,Lents
267,Lents
268,Lents
269,Lents
270,Lents
271,Lents
272,Lents
273,Lents
274,Gateway
275,Gateway
276,Gateway
277,Gateway
278,Gateway
279,Gateway
280,Gateway
281,Gateway
282,Gateway
283,Lents
284,PortlandCentralCity
285,PortlandCentralCity
286,PortlandCentralCity
287,PortlandCentralCity
288,PortlandCentralCity
289,PortlandCentralCity
290,PortlandCentralCity
291,PortlandCentralCity
292,PortlandCentralCity
293,PortlandCentralCity
294,PortlandCentralCity
295,PortlandCentralCity
296,PortlandCentralCity
297,PortlandCentralCity
298,Gateway
299,Gateway
300,PortlandCentralCity
301,PortlandCentralCity
302,PortlandCentralCity
303,PortlandCentralCity
304,PortlandCentralCity
305,Gateway
306,Gateway
307,PortlandCentralCity
308,PortlandCentralCity
309,PortlandCentralCity
310,PortlandCentralCity
311,PortlandCentralCity
312,PortlandCentralCity
313,PortlandCentralCity
314,PortlandCentralCity
315,PortlandCentralCity
316,PortlandCentralCity
317,PortlandCentralCity
318,Gateway
319,Gateway
320,PortlandCentralCity
321,PortlandCentralCity
322,PortlandCentralCity
323,PortlandCentralCity
324,PortlandCentralCity
325,PortlandCentralCity
326,Rivergate
327,Rivergate
328,PortlandCentralCity
329,PortlandCentralCity
330,Gateway
331,Gateway
332,Gateway
333,Gateway
334,Gateway
335,Gateway
336,Gateway
337,Gateway
338,Gateway
339,Gateway
340,Gateway
341,Gateway
342,Gateway
343,Gateway
344,Gateway
345,Gateway
346,Gateway
347,Gateway
348,Gateway
349,Gateway
350,Gateway
351,Gateway
352,Gateway
353,Gateway
354,Gateway
355,Gateway
356,Gateway
357,Gateway
358,Gateway
359,Gateway
360,Gateway
361,FairviewtoWoodVillagetoTroutdale
362,Gateway
363,Gateway
364,Gateway
365,Gateway
366,Gateway
367,Gateway
368,Gateway
369,Gateway
370,Gateway
371,Gateway
372,Gateway
373,Gateway
374,Gateway
375,Gateway
376,Gateway
377,Gateway
378,Gateway
379,Gateway
380,Gateway
381,Gateway
382,Gateway
383,Gateway
384,Gateway
385,Gateway
386,Gateway
387,Gateway
388,Gateway
389,Gateway
390,Gateway
391,Gateway
392,Gateway
393,Gateway
394,Gateway
395,Gateway
396,Gateway
397,Gateway
398,Gateway
399,Gateway
400,Gateway
401,Gateway
402,Gateway
403,Gateway
404,Gateway
405,Gateway
406,Gateway
407,Gateway
408,Gateway
409,Gateway
410,Gateway
411,Gateway
412,FairviewtoWoodVillagetoTroutdale
413,Gresham
414,Gateway
415,Gresham
416,Gresham
417,Gresham
418,Gresham
419,Gresham
420,Gresham
421,Gresham
422,Gresham
423,Gateway
424,Gateway
425,Lents
426,Lents
427,Lents
428,Lents
429,Lents
430,Gateway
431,Gateway
432,Gateway
433,Gateway
434,Gateway
435,Gateway
436,Lents
437,Lents
438,Lents
439,Lents
440,Lents
441,Lents
442,Lents
443,Lents
444,Lents
445,Lents
446,Lents
447,Lents
448,Lents
449,Lents
450,Lents
451,Lents
452,Lents
453,Lents
454,Lents
455,Lents
456,Lents
457,Lents
458,Lents
459,Lents
460,Lents
461,Lents
462,HappyValley
463,HappyValley
464,HappyValley
465,Lents
466,Lents
467,Lents
468,Gresham
469,HappyValley
470,HappyValley
471,HappyValley
472,Gresham
473,Gresham
474,Gresham
475,Gresham
476,Gresham
477,Gresham
478,Gresham
479,Gresham
480,Gresham
481,Gresham
482,Gresham
483,Gresham
484,Gresham
485,Gresham
486,Gresham
487,Gresham
488,Gresham
489,Gresham
490,Gresham
491,Gresham
492,Gresham
493,Gresham
494,Gresham
495,Gresham
496,Gresham
497,Gresham
498,Gresham
499,Gresham
500,Gresham
501,Gresham
502,Gresham
503,Gresham
504,Gresham
505,Gresham
506,Gresham
507,Gresham
508,Gresham
509,Gresham
510,Gresham
511,Gresham
512,Gresham
513,Gresham
514,Gresham
515,Gresham
516,Gresham
517,Gresham
518,Gresham
519,Gresham
520,Gresham
521,Gresham
522,Gresham
523,Gresham
524,Gresham
525,Gresham
526,Gresham
527,Gresham
528,Gresham
529,Gresham
530,Gresham
531,Gresham
532,Gresham
533,Gresham
534,Gresham
535,Gresham
536,Gresham
537,Gresham
538,Gresham
539,Gresham
540,Gresham
541,Gresham
542,Gresham
543,Gresham
544,Gresham
545,Gresham
546,Gresham
547,Gresham
548,Gresham
549,Gresham
550,Gresham
551,FairviewtoWoodVillagetoTroutdale
552,FairviewtoWoodVillagetoTroutdale
553,FairviewtoWoodVillagetoTroutdale
554,FairviewtoWoodVillagetoTroutdale
555,FairviewtoWoodVillagetoTroutdale
556,FairviewtoWoodVillagetoTroutdale
557,FairviewtoWoodVillagetoTroutdale
558,FairviewtoWoodVillagetoTroutdale
559,FairviewtoWoodVillagetoTroutdale
560,FairviewtoWoodVillagetoTroutdale
561,FairviewtoWoodVillagetoTroutdale
562,FairviewtoWoodVillagetoTroutdale
563,Gresham
564,Gresham
565,Gresham
566,FairviewtoWoodVillagetoTroutdale
567,FairviewtoWoodVillagetoTroutdale
568,FairviewtoWoodVillagetoTroutdale
569,FairviewtoWoodVillagetoTroutdale
570,FairviewtoWoodVillagetoTroutdale
571,FairviewtoWoodVillagetoTroutdale
572,FairviewtoWoodVillagetoTroutdale
573,FairviewtoWoodVillagetoTroutdale
574,Gresham
575,Gresham
576,Gresham
577,Gresham
578,FairviewtoWoodVillagetoTroutdale
579,FairviewtoWoodVillagetoTroutdale
580,FairviewtoWoodVillagetoTroutdale
581,FairviewtoWoodVillagetoTroutdale
582,FairviewtoWoodVillagetoTroutdale
583,FairviewtoWoodVillagetoTroutdale
584,FairviewtoWoodVillagetoTroutdale
585,FairviewtoWoodVillagetoTroutdale
586,FairviewtoWoodVillagetoTroutdale
587,FairviewtoWoodVillagetoTroutdale
588,FairviewtoWoodVillagetoTroutdale
589,FairviewtoWoodVillagetoTroutdale
590,FairviewtoWoodVillagetoTroutdale
591,FairviewtoWoodVillagetoTroutdale
592,FairviewtoWoodVillagetoTroutdale
593,FairviewtoWoodVillagetoTroutdale
594,FairviewtoWoodVillagetoTroutdale
595,FairviewtoWoodVillagetoTroutdale
596,FairviewtoWoodVillagetoTroutdale
597,FairviewtoWoodVillagetoTroutdale
598,FairviewtoWoodVillagetoTroutdale
599,FairviewtoWoodVillagetoTroutdale
600,FairviewtoWoodVillagetoTroutdale
601,FairviewtoWoodVillagetoTroutdale
602,FairviewtoWoodVillagetoTroutdale
603,FairviewtoWoodVillagetoTroutdale
604,FairviewtoWoodVillagetoTroutdale
605,FairviewtoWoodVillagetoTroutdale
606,FairviewtoWoodVillagetoTroutdale
607,FairviewtoWoodVillagetoTroutdale
608,FairviewtoWoodVillagetoTroutdale
609,FairviewtoWoodVillagetoTroutdale
610,FairviewtoWoodVillagetoTroutdale
611,FairviewtoWoodVillagetoTroutdale
612,FairviewtoWoodVillagetoTroutdale
613,FairviewtoWoodVillagetoTroutdale
614,FairviewtoWoodVillagetoTroutdale
615,FairviewtoWoodVillagetoTroutdale
616,FairviewtoWoodVillagetoTroutdale
617,FairviewtoWoodVillagetoTroutdale
618,FairviewtoWoodVillagetoTroutdale
619,FairviewtoWoodVillagetoTroutdale
620,FairviewtoWoodVillagetoTroutdale
621,FairviewtoWoodVillagetoTroutdale
622,FairviewtoWoodVillagetoTroutdale
623,FairviewtoWoodVillagetoTroutdale
624,FairviewtoWoodVillagetoTroutdale
625,FairviewtoWoodVillagetoTroutdale
626,FairviewtoWoodVillagetoTroutdale
627,FairviewtoWoodVillagetoTroutdale
628,FairviewtoWoodVillagetoTroutdale
629,FairviewtoWoodVillagetoTroutdale
630,FairviewtoWoodVillagetoTroutdale
631,FairviewtoWoodVillagetoTroutdale
632,FairviewtoWoodVillagetoTroutdale
633,FairviewtoWoodVillagetoTroutdale
634,FairviewtoWoodVillagetoTroutdale
635,FairviewtoWoodVillagetoTroutdale
636,FairviewtoWoodVillagetoTroutdale
637,FairviewtoWoodVillagetoTroutdale
638,FairviewtoWoodVillagetoTroutdale
639,FairviewtoWoodVillagetoTroutdale
640,FairviewtoWoodVillagetoTroutdale
641,FairviewtoWoodVillagetoTroutdale
642,FairviewtoWoodVillagetoTroutdale
643,FairviewtoWoodVillagetoTroutdale
644,FairviewtoWoodVillagetoTroutdale
645,FairviewtoWoodVillagetoTroutdale
646,FairviewtoWoodVillagetoTroutdale
647,FairviewtoWoodVillagetoTroutdale
648,FairviewtoWoodVillagetoTroutdale
649,FairviewtoWoodVillagetoTroutdale
650,FairviewtoWoodVillagetoTroutdale
651,FairviewtoWoodVillagetoTroutdale
652,Gresham
653,Gresham
654,Gresham
655,Gresham
656,Gresham
657,Gresham
658,Gresham
659,Gresham
660,Gresham
661,FairviewtoWoodVillagetoTroutdale
662,MilwaukietoLakeOswego
663,MilwaukietoLakeOswego
664,MilwaukietoLakeOswego
665,MilwaukietoLakeOswego
666,MilwaukietoLakeOswego
667,MilwaukietoLakeOswego
668,MilwaukietoLakeOswego
669,MilwaukietoLakeOswego
670,MilwaukietoLakeOswego
671,MilwaukietoLakeOswego
672,MilwaukietoLakeOswego
673,MilwaukietoLakeOswego
674,MilwaukietoLakeOswego
675,MilwaukietoLakeOswego
676,MilwaukietoLakeOswego
677,MilwaukietoLakeOswego
678,MilwaukietoLakeOswego
679,MilwaukietoLakeOswego
680,MilwaukietoLakeOswego
681,MilwaukietoLakeOswego
682,MilwaukietoLakeOswego
683,Lents
684,MilwaukietoLakeOswego
685,MilwaukietoLakeOswego
686,MilwaukietoLakeOswego
687,MilwaukietoLakeOswego
688,MilwaukietoLakeOswego
689,MilwaukietoLakeOswego
690,MilwaukietoLakeOswego
691,MilwaukietoLakeOswego
692,MilwaukietoLakeOswego
693,MilwaukietoLakeOswego
694,MilwaukietoLakeOswego
695,MilwaukietoLakeOswego
696,MilwaukietoLakeOswego
697,MilwaukietoLakeOswego
698,MilwaukietoLakeOswego
699,Clackamas
700,Clackamas
701,Clackamas
702,Clackamas
703,Clackamas
704,MilwaukietoLakeOswego
705,MilwaukietoLakeOswego
706,MilwaukietoLakeOswego
707,MilwaukietoLakeOswego
708,MilwaukietoLakeOswego
709,MilwaukietoLakeOswego
710,MilwaukietoLakeOswego
711,Clackamas
712,Clackamas
713,WestLinntoOregonCity
714,WestLinntoOregonCity
715,WestLinntoOregonCity
716,MilwaukietoLakeOswego
717,MilwaukietoLakeOswego
718,WestLinntoOregonCity
719,WestLinntoOregonCity
720,WestLinntoOregonCity
721,WestLinntoOregonCity
722,WestLinntoOregonCity
723,WestLinntoOregonCity
724,WestLinntoOregonCity
725,WestLinntoOregonCity
726,WestLinntoOregonCity
727,WestLinntoOregonCity
728,WestLinntoOregonCity
729,WestLinntoOregonCity
730,WestLinntoOregonCity
731,WestLinntoOregonCity
732,WestLinntoOregonCity
733,WestLinntoOregonCity
734,WestLinntoOregonCity
735,WestLinntoOregonCity
736,WestLinntoOregonCity
737,WestLinntoOregonCity
738,WestLinntoOregonCity
739,WestLinntoOregonCity
740,WestLinntoOregonCity
741,WestLinntoOregonCity
742,WestLinntoOregonCity
743,WestLinntoOregonCity
744,WestLinntoOregonCity
745,WestLinntoOregonCity
746,WestLinntoOregonCity
747,WestLinntoOregonCity
748,WestLinntoOregonCity
749,WestLinntoOregonCity
750,WestLinntoOregonCity
751,WestLinntoOregonCity
752,WestLinntoOregonCity
753,WestLinntoOregonCity
754,WestLinntoOregonCity
755,WillametteValley
756,WillametteValley
757,WillametteValley
758,WillametteValley
759,WestLinntoOregonCity
760,WestLinntoOregonCity
761,WestLinntoOregonCity
762,WestLinntoOregonCity
763,Clackamas
764,Clackamas
765,Clackamas
766,Lents
767,HappyValley
768,HappyValley
769,HappyValley
770,HappyValley
771,HappyValley
772,HappyValley
773,HappyValley
774,HappyValley
775,Clackamas
776,Clackamas
777,Clackamas
778,Clackamas
779,Clackamas
780,Clackamas
781,Clackamas
782,HappyValley
783,HappyValley
784,HappyValley
785,HappyValley
786,HappyValley
787,HappyValley
788,HappyValley
789,Clackamas
790,HappyValley
791,HappyValley
792,HappyValley
793,HappyValley
794,HappyValley
795,HappyValley
796,HappyValley
797,HappyValley
798,HappyValley
799,HappyValley
800,HappyValley
801,HappyValley
802,HappyValley
803,HappyValley
804,HappyValley
805,HappyValley
806,HappyValley
807,HappyValley
808,HappyValley
809,HappyValley
810,HappyValley
811,HappyValley
812,HappyValley
813,HappyValley
814,Damascus
815,Damascus
816,Damascus
817,HappyValley
818,Damascus
819,Damascus
820,HappyValley
821,HappyValley
822,Damascus
823,Damascus
824,Damascus
825,Damascus
826,Damascus
827,Damascus
828,Damascus
829,Damascus
830,Damascus
831,Damascus
832,Damascus
833,Damascus
834,Damascus
835,Damascus
836,Damascus
837,Damascus
838,Damascus
839,Damascus
840,Damascus
841,Damascus
842,Damascus
843,Wilsonville
844,Wilsonville
845,WillametteValley
846,Wilsonville
847,Wilsonville
848,Wilsonville
849,WillametteValley
850,WillametteValley
851,WillametteValley
852,WillametteValley
853,WillametteValley
854,MilwaukietoLakeOswego
855,Clackamas
856,Clackamas
857,Clackamas
858,MilwaukietoLakeOswego
859,Clackamas
860,Clackamas
861,Clackamas
862,Clackamas
863,Clackamas
864,Clackamas
865,Clackamas
866,Clackamas
867,Clackamas
868,Clackamas
869,Clackamas
870,Clackamas
871,Clackamas
872,Clackamas
873,Clackamas
874,HappyValley
875,Clackamas
876,Clackamas
877,Clackamas
878,Clackamas
879,Clackamas
880,Clackamas
881,HappyValley
882,Clackamas
883,Clackamas
884,Clackamas
885,Clackamas
886,Clackamas
887,MilwaukietoLakeOswego
888,MilwaukietoLakeOswego
889,MilwaukietoLakeOswego
890,MilwaukietoLakeOswego
891,MilwaukietoLakeOswego
892,MilwaukietoLakeOswego
893,MilwaukietoLakeOswego
894,MilwaukietoLakeOswego
895,MilwaukietoLakeOswego
896,MilwaukietoLakeOswego
897,Clackamas
898,Clackamas
899,HappyValley
900,HappyValley
901,WestLinntoOregonCity
902,WestLinntoOregonCity
903,WestLinntoOregonCity
904,WestLinntoOregonCity
905,WestLinntoOregonCity
906,WillametteValley
907,WillametteValley
908,WillametteValley
909,WillametteValley
910,WillametteValley
911,WillametteValley
912,WillametteValley
913,WillametteValley
914,WillametteValley
915,Wilsonville
916,Wilsonville
917,WillametteValley
918,WillametteValley
919,WillametteValley
920,WillametteValley
921,WillametteValley
922,WillametteValley
923,WillametteValley
924,Damascus
925,WillametteValley
926,WillametteValley
927,WestLinntoOregonCity
928,Damascus
929,Damascus
930,Damascus
931,Damascus
932,Damascus
933,Damascus
934,Damascus
935,Damascus
936,Damascus
937,Damascus
938,Damascus
939,Damascus
940,Damascus
941,Damascus
942,Damascus
943,Damascus
944,Damascus
945,Damascus
946,Damascus
947,Damascus
948,Damascus
949,Damascus
950,Damascus
951,Damascus
952,Damascus
953,Damascus
954,Damascus
955,Damascus
956,Damascus
957,Damascus
958,Damascus
959,Damascus
960,Damascus
961,Damascus
962,Wilsonville
963,Wilsonville
964,Wilsonville
965,Wilsonville
966,Wilsonville
967,Wilsonville
968,Wilsonville
969,Wilsonville
970,Wilsonville
971,Wilsonville
972,Wilsonville
973,Wilsonville
974,Wilsonville
975,Wilsonville
976,Wilsonville
977,Wilsonville
978,Wilsonville
979,Wilsonville
980,Tualatin
981,Tualatin
982,Wilsonville
983,SherwoodtoNewberg
984,Wilsonville
985,Wilsonville
986,SherwoodtoNewberg
987,SherwoodtoNewberg
988,SherwoodtoNewberg
989,SherwoodtoNewberg
990,SherwoodtoNewberg
991,SherwoodtoNewberg
992,SherwoodtoNewberg
993,SherwoodtoNewberg
994,SherwoodtoNewberg
995,SherwoodtoNewberg
996,SherwoodtoNewberg
997,SherwoodtoNewberg
998,SherwoodtoNewberg
999,Tualatin
1000,SherwoodtoNewberg
1001,SherwoodtoNewberg
1002,SherwoodtoNewberg
1003,SherwoodtoNewberg
1004,SherwoodtoNewberg
1005,Tigard
1006,Tigard
1007,Tigard
1008,Tigard
1009,Tigard
1010,Tigard
1011,Tigard
1012,Tigard
1013,Tigard
1014,Tigard
1015,Tigard
1016,Tigard
1017,Tigard
1018,Tigard
1019,Tigard
1020,Tigard
1021,Tigard
1022,Tigard
1023,Tigard
1024,Tigard
1025,Tigard
1026,Tigard
1027,Tigard
1028,Tigard
1029,Tigard
1030,Tigard
1031,Tigard
1032,Tigard
1033,Tigard
1034,Tigard
1035,Tigard
1036,Tigard
1037,Tigard
1038,Tigard
1039,Tigard
1040,Tigard
1041,Tigard
1042,Tigard
1043,Tigard
1044,Tigard
1045,Tigard
1046,Tigard
1047,Tigard
1048,Tigard
1049,Tigard
1050,Tigard
1051,Tigard
1052,Tigard
1053,SherwoodtoNewberg
1054,Tualatin
1055,Tualatin
1056,Tigard
1057,Tigard
1058,Tualatin
1059,Tualatin
1060,Tualatin
1061,Tualatin
1062,Tualatin
1063,Tualatin
1064,Tualatin
1065,Tualatin
1066,Tualatin
1067,Tualatin
1068,Tualatin
1069,Tualatin
1070,Tualatin
1071,Tualatin
1072,MilwaukietoLakeOswego
1073,MilwaukietoLakeOswego
1074,MilwaukietoLakeOswego
1075,MilwaukietoLakeOswego
1076,MilwaukietoLakeOswego
1077,MilwaukietoLakeOswego
1078,MilwaukietoLakeOswego
1079,MilwaukietoLakeOswego
1080,MilwaukietoLakeOswego
1081,MilwaukietoLakeOswego
1082,MilwaukietoLakeOswego
1083,MilwaukietoLakeOswego
1084,MilwaukietoLakeOswego
1085,MilwaukietoLakeOswego
1086,MilwaukietoLakeOswego
1087,MilwaukietoLakeOswego
1088,MilwaukietoLakeOswego
1089,MilwaukietoLakeOswego
1090,MilwaukietoLakeOswego
1091,MilwaukietoLakeOswego
1092,MilwaukietoLakeOswego
1093,MilwaukietoLakeOswego
1094,MilwaukietoLakeOswego
1095,MilwaukietoLakeOswego
1096,MilwaukietoLakeOswego
1097,MilwaukietoLakeOswego
1098,MilwaukietoLakeOswego
1099,MilwaukietoLakeOswego
1100,MilwaukietoLakeOswego
1101,MilwaukietoLakeOswego
1102,WestLinntoOregonCity
1103,WestLinntoOregonCity
1104,WestLinntoOregonCity
1105,WestLinntoOregonCity
1106,WestLinntoOregonCity
1107,WestLinntoOregonCity
1108,WestLinntoOregonCity
1109,WestLinntoOregonCity
1110,WestLinntoOregonCity
1111,WestLinntoOregonCity
1112,MilwaukietoLakeOswego
1113,MilwaukietoLakeOswego
1114,WestLinntoOregonCity
1115,WestLinntoOregonCity
1116,WestLinntoOregonCity
1117,WestLinntoOregonCity
1118,WestLinntoOregonCity
1119,Tualatin
1120,Tualatin
1121,Tualatin
1122,Tualatin
1123,Tualatin
1124,Tualatin
1125,WestLinntoOregonCity
1126,WestLinntoOregonCity
1127,WestLinntoOregonCity
1128,Wilsonville
1129,Beaverton
1130,Beaverton
1131,Beaverton
1132,Beaverton
1133,Beaverton
1134,Beaverton
1135,Beaverton
1136,Beaverton
1137,Beaverton
1138,Beaverton
1139,Tigard
1140,Tigard
1141,Tigard
1142,Tigard
1143,Beaverton
1144,Beaverton
1145,Beaverton
1146,Beaverton
1147,Beaverton
1148,Beaverton
1149,Beaverton
1150,Beaverton
1151,Beaverton
1152,Beaverton
1153,Beaverton
1154,Beaverton
1155,Beaverton
1156,Beaverton
1157,Beaverton
1158,Beaverton
1159,Beaverton
1160,Beaverton
1161,Beaverton
1162,Beaverton
1163,Beaverton
1164,Beaverton
1165,Beaverton
1166,Beaverton
1167,Beaverton
1168,Beaverton
1169,Tigard
1170,Beaverton
1171,Beaverton
1172,Beaverton
1173,Beaverton
1174,Beaverton
1175,Beaverton
1176,Beaverton
1177,Beaverton
1178,Beaverton
1179,Beaverton
1180,Beaverton
1181,Beaverton
1182,Beaverton
1183,Beaverton
1184,Beaverton
1185,Beaverton
1186,Beaverton
1187,Beaverton
1188,Beaverton
1189,Beaverton
1190,Beaverton
1191,Beaverton
1192,Beaverton
1193,Beaverton
1194,Beaverton
1195,Beaverton
1196,Beaverton
1197,Beaverton
1198,Beaverton
1199,Beaverton
1200,Beaverton
1201,Beaverton
1202,Beaverton
1203,Beaverton
1204,Beaverton
1205,Beaverton
1206,Beaverton
1207,Beaverton
1208,Beaverton
1209,Beaverton
1210,Beaverton
1211,Beaverton
1212,Beaverton
1213,Beaverton
1214,Beaverton
1215,Beaverton
1216,Beaverton
1217,Beaverton
1218,Beaverton
1219,Beaverton
1220,Beaverton
1221,Beaverton
1222,Beaverton
1223,Beaverton
1224,Beaverton
1225,Beaverton
1226,Beaverton
1227,Beaverton
1228,Beaverton
1229,Beaverton
1230,Beaverton
1231,Beaverton
1232,Beaverton
1233,Beaverton
1234,Beaverton
1235,Beaverton
1236,Beaverton
1237,Beaverton
1238,Beaverton
1239,Beaverton
1240,Beaverton
1241,Beaverton
1242,Beaverton
1243,Beaverton
1244,Beaverton
1245,Beaverton
1246,Beaverton
1247,Beaverton
1248,Beaverton
1249,Hillsboro
1250,Hillsboro
1251,Hillsboro
1252,Hillsboro
1253,Hillsboro
1254,Hillsboro
1255,Hillsboro
1256,Hillsboro
1257,Hillsboro
1258,Hillsboro
1259,Hillsboro
1260,Hillsboro
1261,Hillsboro
1262,Hillsboro
1263,Hillsboro
1264,Beaverton
1265,Beaverton
1266,Hillsboro
1267,Hillsboro
1268,Hillsboro
1269,Hillsboro
1270,Hillsboro
1271,Hillsboro
1272,Hillsboro
1273,Hillsboro
1274,Hillsboro
1275,Hillsboro
1276,Hillsboro
1277,Hillsboro
1278,Hillsboro
1279,Hillsboro
1280,Hillsboro
1281,Hillsboro
1282,Hillsboro
1283,Hillsboro
1284,Hillsboro
1285,Hillsboro
1286,Hillsboro
1287,Hillsboro
1288,Hillsboro
1289,Beaverton
1290,Beaverton
1291,Beaverton
1292,Hillsboro
1293,Hillsboro
1294,Hillsboro
1295,Hillsboro
1296,Hillsboro
1297,Hillsboro
1298,Hillsboro
1299,Hillsboro
1300,Hillsboro
1301,Hillsboro
1302,Hillsboro
1303,Hillsboro
1304,Hillsboro
1305,Hillsboro
1306,Hillsboro
1307,Hillsboro
1308,Hillsboro
1309,Hillsboro
1310,Hillsboro
1311,Hillsboro
1312,Beaverton
1313,Beaverton
1314,Hillsboro
1315,Hillsboro
1316,Hillsboro
1317,Hillsboro
1318,Hillsboro
1319,Hillsboro
1320,Hillsboro
1321,Hillsboro
1322,Hillsboro
1323,Hillsboro
1324,Hillsboro
1325,Hillsboro
1326,Hillsboro
1327,Hillsboro
1328,Hillsboro
1329,Hillsboro
1330,Hillsboro
1331,Hillsboro
1332,Hillsboro
1333,Hillsboro
1334,Hillsboro
1335,Beaverton
1336,Beaverton
1337,Beaverton
1338,Beaverton
1339,Hillsboro
1340,Hillsboro
1341,Hillsboro
1342,Hillsboro
1343,Hillsboro
1344,Hillsboro
1345,Hillsboro
1346,Hillsboro
1347,Hillsboro
1348,Hillsboro
1349,Hillsboro
1350,Hillsboro
1351,Hillsboro
1352,Hillsboro
1353,Hillsboro
1354,Hillsboro
1355,Beaverton
1356,Beaverton
1357,Beaverton
1358,Beaverton
1359,Beaverton
1360,Beaverton
1361,Beaverton
1362,Hillsboro
1363,Hillsboro
1364,Hillsboro
1365,Hillsboro
1366,Hillsboro
1367,Hillsboro
1368,Hillsboro
1369,Beaverton
1370,Beaverton
1371,Beaverton
1372,Beaverton
1373,Hillsboro
1374,Hillsboro
1375,Hillsboro
1376,Hillsboro
1377,Hillsboro
1378,ForestGrove
1379,Hillsboro
1380,Hillsboro
1381,Hillsboro
1382,ForestGrove
1383,ForestGrove
1384,ForestGrove
1385,ForestGrove
1386,ForestGrove
1387,ForestGrove
1388,ForestGrove
1389,ForestGrove
1390,ForestGrove
1391,ForestGrove
1392,ForestGrove
1393,ForestGrove
1394,ForestGrove
1395,ForestGrove
1396,ForestGrove
1397,ForestGrove
1398,ForestGrove
1399,ForestGrove
1400,ForestGrove
1401,ForestGrove
1402,ForestGrove
1403,ForestGrove
1404,ForestGrove
1405,ForestGrove
1406,ForestGrove
1407,ForestGrove
1408,ForestGrove
1409,ForestGrove
1410,ForestGrove
1411,ForestGrove
1412,ForestGrove
1413,ForestGrove
1414,ForestGrove
1415,ForestGrove
1416,ForestGrove
1417,Hillsboro
1418,Hillsboro
1419,Hillsboro
1420,SherwoodtoNewberg
1421,SherwoodtoNewberg
1422,Hillsboro
1423,ForestGrove
1424,ForestGrove
1425,SherwoodtoNewberg
1426,SherwoodtoNewberg
1427,SherwoodtoNewberg
1428,SherwoodtoNewberg
1429,SherwoodtoNewberg
1430,SherwoodtoNewberg
1431,SherwoodtoNewberg
1432,SherwoodtoNewberg
1433,ForestGrove
1434,ForestGrove
1435,ForestGrove
1436,ForestGrove
1437,ForestGrove
1438,ForestGrove
1439,ForestGrove
1440,ForestGrove
1441,ForestGrove
1442,ForestGrove
1443,ForestGrove
1444,ForestGrove
1445,Hillsboro
1446,Hillsboro
1447,Hillsboro
1448,ForestGrove
1449,ForestGrove
1450,Hillsboro
1451,Hillsboro
1452,ForestGrove
1453,ColumbiaCounty
1454,ColumbiaCounty
1455,Hillsboro
1456,Hillsboro
1457,ColumbiaCounty
1458,Hillsboro
1459,Hillsboro
1460,Hillsboro
1461,Hillsboro
1462,Beaverton
1463,Beaverton
1464,Beaverton
1465,Beaverton
1466,Beaverton
1467,Beaverton
1468,Beaverton
1469,Beaverton
1470,Beaverton
1471,Beaverton
1472,Beaverton
1473,Beaverton
1474,Beaverton
1475,Beaverton
1476,Beaverton
1477,Beaverton
1478,Beaverton
1479,Beaverton
1480,Beaverton
1481,Beaverton
1482,Beaverton
1483,Vancouver
1484,Vancouver
1485,Vancouver
1486,Vancouver
1487,Vancouver
1488,Vancouver
1489,Vancouver
1490,Vancouver
1491,Vancouver
1492,Vancouver
1493,Vancouver
1494,Vancouver
1495,Vancouver
1496,Vancouver
1497,Vancouver
1498,Vancouver
1499,Vancouver
1500,Vancouver
1501,Vancouver
1502,Vancouver
1503,Vancouver
1504,Vancouver
1505,Vancouver
1506,Vancouver
1507,Vancouver
1508,Vancouver
1509,Vancouver
1510,Vancouver
1511,Vancouver
1512,Vancouver
1513,Vancouver
1514,Vancouver
1515,Vancouver
1516,Vancouver
1517,Vancouver
1518,Vancouver
1519,Vancouver
1520,Vancouver
1521,Vancouver
1522,Vancouver
1523,Vancouver
1524,Vancouver
1525,Vancouver
1526,Vancouver
1527,Vancouver
1528,Vancouver
1529,Vancouver
1530,Vancouver
1531,Vancouver
1532,Vancouver
1533,Vancouver
1534,Vancouver
1535,Vancouver
1536,Vancouver
1537,Vancouver
1538,Vancouver
1539,Vancouver
1540,Vancouver
1541,Vancouver
1542,Vancouver
1543,Vancouver
1544,Vancouver
1545,Vancouver
1546,Vancouver
1547,Vancouver
1548,Vancouver
1549,Vancouver
1550,Vancouver
1551,Vancouver
1552,Vancouver
1553,Vancouver
1554,Vancouver
1555,Vancouver
1556,Vancouver
1557,Vancouver
1558,Vancouver
1559,Vancouver
1560,Vancouver
1561,Vancouver
1562,Vancouver
1563,Vancouver
1564,Vancouver
1565,Vancouver
1566,Vancouver
1567,Vancouver
1568,Vancouver
1569,Vancouver
1570,Vancouver
1571,Vancouver
1572,Vancouver
1573,Vancouver
1574,Vancouver
1575,Vancouver
1576,Vancouver
1577,Vancouver
1578,Vancouver
1579,Vancouver
1580,Vancouver
1581,Vancouver
1582,Vancouver
1583,Vancouver
1584,Vancouver
1585,Vancouver
1586,Vancouver
1587,Vancouver
1588,Vancouver
1589,Vancouver
1590,Vancouver
1591,Vancouver
1592,Vancouver
1593,Vancouver
1594,Vancouver
1595,Vancouver
1596,Vancouver
1597,Vancouver
1598,ClarkCounty
1599,ClarkCounty
1600,ClarkCounty
1601,Vancouver
1602,Vancouver
1603,ClarkCounty
1604,ClarkCounty
1605,ClarkCounty
1606,ClarkCounty
1607,ClarkCounty
1608,ClarkCounty
1609,ClarkCounty
1610,ClarkCounty
1611,ClarkCounty
1612,ClarkCounty
1613,ClarkCounty
1614,ClarkCounty
1615,ClarkCounty
1616,ClarkCounty
1617,ClarkCounty
1618,ClarkCounty
1619,ClarkCounty
1620,ClarkCounty
1621,ClarkCounty
1622,ClarkCounty
1623,ClarkCounty
1624,ClarkCounty
1625,ClarkCounty
1626,ClarkCounty
1627,ClarkCounty
1628,ClarkCounty
1629,ClarkCounty
1630,ClarkCounty
1631,ClarkCounty
1632,ClarkCounty
1633,ClarkCounty
1634,ClarkCounty
1635,ClarkCounty
1636,ClarkCounty
1637,ClarkCounty
1638,ClarkCounty
1639,ClarkCounty
1640,ClarkCounty
1641,ClarkCounty
1642,ClarkCounty
1643,ClarkCounty
1644,ClarkCounty
1645,ClarkCounty
1646,ClarkCounty
1647,ClarkCounty
1648,ClarkCounty
1649,ClarkCounty
1650,ClarkCounty
1651,ClarkCounty
1652,ClarkCounty
1653,ClarkCounty
1654,ClarkCounty
1655,ClarkCounty
1656,ClarkCounty
1657,ClarkCounty
1658,ClarkCounty
1659,ClarkCounty
1660,ClarkCounty
1661,ClarkCounty
1662,ClarkCounty
1663,ClarkCounty
1664,ClarkCounty
1665,ClarkCounty
1666,ClarkCounty
1667,ClarkCounty
1668,ClarkCounty
1669,ClarkCounty
1670,ClarkCounty
1671,ClarkCounty
1672,ClarkCounty
1673,ClarkCounty
1674,ClarkCounty
1675,ClarkCounty
1676,ClarkCounty
1677,ClarkCounty
1678,ClarkCounty
1679,ClarkCounty
1680,ClarkCounty
1681,ClarkCounty
1682,ClarkCounty
1683,ClarkCounty
1684,ClarkCounty
1685,ClarkCounty
1686,ClarkCounty
1687,ClarkCounty
1688,ClarkCounty
1689,ClarkCounty
1690,ClarkCounty
1691,ClarkCounty
1692,ClarkCounty
1693,ClarkCounty
1694,ClarkCounty
1695,ClarkCounty
1696,ClarkCounty
1697,ClarkCounty
1698,ClarkCounty
1699,ClarkCounty
1700,ClarkCounty
1701,ClarkCounty
1702,ClarkCounty
1703,ClarkCounty
1704,ClarkCounty
1705,ClarkCounty
1706,ClarkCounty
1707,ClarkCounty
1708,ClarkCounty
1709,ClarkCounty
1710,ClarkCounty
1711,ClarkCounty
1712,ClarkCounty
1713,ClarkCounty
1714,ClarkCounty
1715,ClarkCounty
1716,ClarkCounty
1717,ClarkCounty
1718,ClarkCounty
1719,ClarkCounty
1720,ClarkCounty
1721,ClarkCounty
1722,ClarkCounty
1723,ClarkCounty
1724,ClarkCounty
1725,ClarkCounty
1726,ClarkCounty
1727,ClarkCounty
1728,ClarkCounty
1729,ClarkCounty
1730,ClarkCounty
1731,ClarkCounty
1732,ClarkCounty
1733,ClarkCounty
1734,ClarkCounty
1735,ClarkCounty
1736,ClarkCounty
1737,ClarkCounty
1738,ClarkCounty
1739,ClarkCounty
1740,ClarkCounty
1741,ClarkCounty
1742,ClarkCounty
1743,ClarkCounty
1744,ClarkCounty
1745,ClarkCounty
1746,ClarkCounty
1747,ClarkCounty
1748,ClarkCounty
1749,ClarkCounty
1750,ClarkCounty
1751,ClarkCounty
1752,ClarkCounty
1753,ClarkCounty
1754,ClarkCounty
1755,ClarkCounty
1756,ClarkCounty
1757,ClarkCounty
1758,ClarkCounty
1759,ClarkCounty
1760,ClarkCounty
1761,ClarkCounty
1762,ClarkCounty
1763,ClarkCounty
1764,ClarkCounty
1765,ClarkCounty
1766,ClarkCounty
1767,ClarkCounty
1768,ClarkCounty
1769,ClarkCounty
1770,ClarkCounty
1771,ClarkCounty
1772,ClarkCounty
1773,ClarkCounty
1774,ClarkCounty
1775,ClarkCounty
1776,ClarkCounty
1777,ClarkCounty
1778,ClarkCounty
1779,ClarkCounty
1780,ClarkCounty
1781,ClarkCounty
1782,ClarkCounty
1783,ClarkCounty
1784,ClarkCounty
1785,ClarkCounty
1786,ClarkCounty
1787,ClarkCounty
1788,ClarkCounty
1789,ClarkCounty
1790,ClarkCounty
1791,ClarkCounty
1792,ClarkCounty
1793,ClarkCounty
1794,ClarkCounty
1795,ClarkCounty
1796,ClarkCounty
1797,ClarkCounty
1798,ClarkCounty
1799,ClarkCounty
1800,ClarkCounty
1801,ClarkCounty
1802,ClarkCounty
1803,ClarkCounty
1804,ClarkCounty
1805,ClarkCounty
1806,ClarkCounty
1807,ClarkCounty
1808,ClarkCounty
1809,ClarkCounty
1810,ClarkCounty
1811,ClarkCounty
1812,ClarkCounty
1813,ClarkCounty
1814,ClarkCounty
1815,ClarkCounty
1816,ClarkCounty
1817,ClarkCounty
1818,ClarkCounty
1819,ClarkCounty
1820,ClarkCounty
1821,ClarkCounty
1822,ClarkCounty
1823,ClarkCounty
1824,ClarkCounty
1825,ClarkCounty
1826,ClarkCounty
1827,ClarkCounty
1828,ClarkCounty
1829,ClarkCounty
1830,ClarkCounty
1831,ClarkCounty
1832,ClarkCounty
1833,ClarkCounty
1834,ClarkCounty
1835,ClarkCounty
1836,ClarkCounty
1837,ClarkCounty
1838,ClarkCounty
1839,ClarkCounty
1840,ClarkCounty
1841,ClarkCounty
1842,ClarkCounty
1843,ClarkCounty
1844,ClarkCounty
1845,ClarkCounty
1846,ClarkCounty
1847,ClarkCounty
1848,ClarkCounty
1849,ClarkCounty
1850,ClarkCounty
1851,ClarkCounty
1852,ClarkCounty
1853,ClarkCounty
1854,ClarkCounty
1855,ClarkCounty
1856,ClarkCounty
1857,ClarkCounty
1858,ClarkCounty
1859,ClarkCounty
1860,ClarkCounty
1861,ClarkCounty
1862,ClarkCounty
1863,Vancouver
1864,Vancouver
1865,ClarkCounty
1866,ClarkCounty
1867,Vancouver
1868,ClarkCounty
1869,Vancouver
1870,Vancouver
1871,Vancouver
1872,Vancouver
1873,Vancouver
1874,Vancouver
1875,Vancouver
1876,Vancouver
1877,Vancouver
1878,Vancouver
1879,Vancouver
1880,Vancouver
1881,Vancouver
1882,Vancouver
1883,ClarkCounty
1884,ClarkCounty
1885,ClarkCounty
1886,ClarkCounty
1887,ClarkCounty
1888,ClarkCounty
1889,ClarkCounty
1890,ClarkCounty
1891,ClarkCounty
1892,ClarkCounty
1893,ClarkCounty
1894,ClarkCounty
1895,ClarkCounty
1896,ClarkCounty
1897,ClarkCounty
1898,ClarkCounty
1899,ClarkCounty
1900,ClarkCounty
1901,ClarkCounty
1902,ClarkCounty
1903,Vancouver
1904,Vancouver
1905,Vancouver
1906,Vancouver
1907,Vancouver
1908,Vancouver
1909,Vancouver
1910,Vancouver
1911,Vancouver
1912,Vancouver
1913,ClarkCounty
1914,ClarkCounty
1915,Vancouver
1916,ClarkCounty
1917,ClarkCounty
1918,ClarkCounty
1919,Vancouver
1920,Vancouver
1921,Vancouver
1922,Vancouver
1923,Vancouver
1924,Vancouver
1925,Vancouver
1926,Vancouver
1927,Vancouver
1928,Vancouver
1929,Vancouver
1930,Vancouver
1931,Vancouver
1932,Vancouver
1933,Vancouver
1934,Vancouver
1935,Vancouver
1936,Vancouver
1937,Vancouver
1938,Vancouver
1939,Vancouver
1940,Vancouver
1941,Vancouver
1942,Vancouver
1943,Vancouver
1944,Vancouver
1945,Vancouver
1946,Vancouver
1947,ClarkCounty
1948,ClarkCounty
1949,ClarkCounty
1950,ClarkCounty
1951,ClarkCounty
1952,ClarkCounty
1953,ClarkCounty
1954,Vancouver
1955,Vancouver
1956,Vancouver
1957,Vancouver
1958,Vancouver
1959,Vancouver
1960,Vancouver
1961,Vancouver
1962,Vancouver
1963,Vancouver
1964,Vancouver
1965,Vancouver
1966,Vancouver
1967,Vancouver
1968,Vancouver
1969,Vancouver
1970,Vancouver
1971,Vancouver
1972,Vancouver
1973,Vancouver
1974,Vancouver
1975,Vancouver
1976,Vancouver
1977,Vancouver
1978,Vancouver
1979,Vancouver
1980,Vancouver
1981,Vancouver
1982,Vancouver
1983,Vancouver
1984,ClarkCounty
1985,ClarkCounty
1986,ClarkCounty
1987,ClarkCounty
1988,ClarkCounty
1989,ClarkCounty
1990,ClarkCounty
1991,ClarkCounty
1992,ClarkCounty
1993,ClarkCounty
1994,ClarkCounty
1995,ClarkCounty
1996,ClarkCounty
1997,ClarkCounty
1998,ClarkCounty
1999,ClarkCounty
2000,ClarkCounty
2001,ClarkCounty
2002,ClarkCounty
2003,ClarkCounty
2004,ClarkCounty
2005,ClarkCounty
2006,ClarkCounty
2007,ClarkCounty
2008,ClarkCounty
2009,ClarkCounty
2010,ClarkCounty
2011,ClarkCounty
2012,ClarkCounty
2013,ClarkCounty
2014,ClarkCounty
2015,ClarkCounty
2016,ClarkCounty
2017,ClarkCounty
2018,ClarkCounty
2019,ClarkCounty
2020,ClarkCounty
2021,ClarkCounty
2022,ClarkCounty
2023,ClarkCounty
2024,ClarkCounty
2025,ClarkCounty
2026,ClarkCounty
2027,ClarkCounty
2028,ClarkCounty
2029,ClarkCounty
2030,ClarkCounty
2031,ClarkCounty
2032,ClarkCounty
2033,ClarkCounty
2034,ClarkCounty
2035,ClarkCounty
2036,ClarkCounty
2037,ClarkCounty
2038,ClarkCounty
2039,ClarkCounty
2040,ClarkCounty
2041,ClarkCounty
2042,ClarkCounty
2043,ClarkCounty
2044,ClarkCounty
2045,ClarkCounty
2046,ClarkCounty
2047,ClarkCounty
2048,ClarkCounty
2049,ClarkCounty
2050,ClarkCounty
2051,ClarkCounty
2052,ClarkCounty
2053,ClarkCounty
2054,ClarkCounty
2055,ClarkCounty
2056,ClarkCounty
2057,ClarkCounty
2058,ClarkCounty
2059,ClarkCounty
2060,ClarkCounty
2061,ClarkCounty
2062,ClarkCounty
2063,ClarkCounty
2064,ClarkCounty
2065,ClarkCounty
2066,ClarkCounty
2067,ClarkCounty
2068,ClarkCounty
2069,ClarkCounty
2070,Vancouver
2071,Vancouver
2072,Vancouver
2073,Vancouver
2074,Vancouver
2075,Vancouver
2076,Vancouver
2077,Vancouver
2078,Vancouver
2079,Vancouver
2080,Vancouver
2081,Vancouver
2082,Vancouver
2083,Vancouver
2084,Vancouver
2085,Vancouver
2086,Vancouver
2087,Vancouver
2088,Vancouver
2089,Vancouver
2090,Vancouver
2091,Vancouver
2092,Vancouver
2093,Vancouver
2094,Vancouver
2095,Vancouver
2096,Vancouver
2097,Vancouver
2098,Vancouver
2099,Vancouver
2100,Vancouver
2101,Vancouver
2102,Vancouver
2103,Vancouver
2104,Vancouver
2105,Vancouver
2106,Vancouver
2107,Vancouver
2108,Vancouver
2109,Vancouver
2110,Vancouver
2111,Vancouver
2112,Vancouver
2113,Vancouver
2114,Vancouver
2115,Vancouver
2116,Vancouver
2117,Vancouver
2118,Vancouver
2119,Vancouver
2120,Vancouver
2121,Vancouver
2122,Vancouver
2123,ClarkCounty
2124,ClarkCounty
2125,ClarkCounty
2126,ClarkCounty
2127,ClarkCounty
2128,ClarkCounty
2129,Vancouver
2130,ClarkCounty
2131,Vancouver
2132,Vancouver
2133,Vancouver
2134,ClarkCounty
2135,ClarkCounty
2136,ClarkCounty
2137,ClarkCounty
2138,ClarkCounty
2139,ClarkCounty
2140,ClarkCounty
2141,ClarkCounty
2142,ClarkCounty
2143,ClarkCounty
2144,ClarkCounty
2145,ClarkCounty
2146,ClarkCounty
2147,ClarkCounty
2148,External
2149,External
2150,External
2151,External
2152,External
2153,External
2154,External
2155,External
2156,External
2157,External
2158,External
2159,External
2160,External
2161,External
2162,External
